good,aliases
perpetuanoes,perpetuanoess;perpettuanoes;perpetuano's;perpetuanoe's;perpettuanes;perpettuanos;perpetuanos;perpetians;perrpetuanoes;perpettuanoess
allejars,alejars;allejarrs;allejares;allejeires;allejaars;allejares;allajares;
bafts,baftes;baftas;bafftes;baffts;
brawls,brawles;brawlls;
chercolees,charcolees
chints,chintz;chinches;chintzes;chinseys;
ginghams,ginghames;
clouts ,cloutes;cloutts
longcloths,longcloaths;long cloths;long cloaths;long cloathes;long clothes;longe cloaths;long cloth;longcloth;long cloath;long clothe
longees,longes;longgees
silk,silck;silke
photaes,photas;phota longees;phota's;phota longgees;
mahubetbanes,mahubutebans
niconees,nicconees;nicanneese;niccanees;niccannees;nicanees;niccones;niconess;nicconeese;nickones;niconnese;nickonees
pautkaes,pautka's;pautkeys;pautkeis;pautkies;pautkes;pautkais;
pintadoes,pintados;pintado's;
saccerguntes,saccorguntes;
salemporis,sallempores;sallampores;salampores;sallompores
tapseils,tapseels;tapseeles;tapselles;tapsells;tapseiles;tapsieles;tapseales;tapsails;tapseles;tappseels;tappseils
umbanees,humbanees;ambanees;
linen,linnen;linnens;
platilloes,plattilloes
,
,
,
perpetuano,perpetuanoe;perpettuanoe;perpettuano
allejar,alejar
baft,
brawl,brawle
chercolee,charcolee
chint,
clout,
gingham,
longee,
phota longee,
niconee,nicconee;niccanee;niconee
pautkey,
pintadoe,
tapseil,tapsell;tapsele;tapseile
,
,
,
,
,
,
,
boat,boate
woman,woeman
royal,royall;royale
blue,blew
green,greene
red,redd
coast,coaste
ship,shipp
pieces,peices
piece,peice
disease,
carpenter,carpinter
opinion,opinnion